User Submission,Optimal Submission,Difference,Rank
12.0,3.169999999999998,-8.830000000000002,4
3.0,0,-3.0,2
12.4,3.0100000000000016,-9.389999999999999,3
12.0,-4.055,-16.055,2
1.0,5.190000000000001,4.190000000000001,4
12.0,-5.855000000000004,-17.855000000000004,2
